jobID,  modelID,  status,  completionReason,  startTime,  endTime,  runtime(s),  expDesc,  numRecords,  modelParams|clParams|alpha,  modelParams|tpParams|minThreshold,  modelParams|tpParams|activationThreshold,  modelParams|tpParams|pamLength,  modelParams|sensorParams|encoders|traffic:n,  modelParams|sensorParams|encoders|_classifierInput|n,  modelParams|spParams|synPermInactiveDec,  multiStepBestPredictions:multiStep:errorMetric='aae':steps=[1]:window=1000:field=traffic,  multiStepBestPredictions:multiStep:errorMetric='altMAPE':steps=[1]:window=1000:field=traffic, 
1040,  3664,  completed,  eof,  2015-03-17 22:05:43,  2015-03-17 22:05:49,  6,  modelParams|clParams|alpha_0.05005.modelParams|tpParams|minThreshold_11.modelParams|tpParams|activationThreshold_14.modelParams|tpParams|pamLength_3.modelParams|sensorParams|encoders|traffic:n_272.modelParams|sensorParams|encoders|_classifierInput|n_275.modelParams|spParams|synPermInactiveDec_0.05015,  656,  0.05005,  11,  14,  3,  272,  275,  0.05015,  6.17764701011,  9.68796304084, 


jobID,  modelID,  status,  completionReason,  startTime,  endTime,  runtime(s),  expDesc,  numRecords,  modelParams|sensorParams|encoders|timestamp_weekend:radius,  modelParams|sensorParams|encoders|timestamp_timeOfDay:radius,  modelParams|clParams|alpha,  modelParams|tpParams|minThreshold,  modelParams|tpParams|activationThreshold,  modelParams|tpParams|pamLength,  modelParams|sensorParams|encoders|timestamp_dayOfWeek:radius,  modelParams|sensorParams|encoders|traffic:n,  modelParams|sensorParams|encoders|_classifierInput|n,  modelParams|spParams|synPermInactiveDec,  multiStepBestPredictions:multiStep:errorMetric='aae':steps=[1]:window=1000:field=traffic,  multiStepBestPredictions:multiStep:errorMetric='altMAPE':steps=[1]:window=1000:field=traffic, 
1041,  3685,  completed,  eof,  2015-03-17 22:07:26,  2015-03-17 22:07:37,  11,  modelParams|clParams|alpha_0.05005.modelParams|tpParams|minThreshold_11.modelParams|tpParams|activationThreshold_14.modelParams|tpParams|pamLength_3.modelParams|sensorParams|encoders|timestamp_dayOfWeek:radius_3.5.modelParams|sensorParams|encoders|_classifierInput|n_275.modelParams|spParams|synPermInactiveDec_0.05015,  656,  None,  None,  0.05005,  11,  14,  3,  3.5,  None,  275,  0.05015,  10.4183558049,  16.338364076, 
1041,  3686,  completed,  eof,  2015-03-17 22:07:26,  2015-03-17 22:07:37,  11,  modelParams|sensorParams|encoders|timestamp_timeOfDay:radius_6.25.modelParams|clParams|alpha_0.05005.modelParams|tpParams|minThreshold_11.modelParams|tpParams|activationThreshold_14.modelParams|tpParams|pamLength_3.modelParams|sensorParams|encoders|_classifierInput|n_275.modelParams|spParams|synPermInactiveDec_0.05015,  656,  None,  6.25,  0.05005,  11,  14,  3,  None,  None,  275,  0.05015,  8.51643307435,  13.3557143568, 
1041,  3697,  completed,  eof,  2015-03-17 22:07:27,  2015-03-17 22:07:37,  10,  modelParams|sensorParams|encoders|timestamp_weekend:radius_1.modelParams|clParams|alpha_0.05005.modelParams|tpParams|minThreshold_11.modelParams|tpParams|activationThreshold_14.modelParams|tpParams|pamLength_3.modelParams|sensorParams|encoders|_classifierInput|n_275.modelParams|spParams|synPermInactiveDec_0.05015,  656,  1,  None,  0.05005,  11,  14,  3,  None,  None,  275,  0.05015,  11.9684083655,  18.769200913, 
1041,  3708,  completed,  eof,  2015-03-17 22:07:27,  2015-03-17 22:07:42,  15,  modelParams|clParams|alpha_0.05005.modelParams|tpParams|minThreshold_11.modelParams|tpParams|activationThreshold_14.modelParams|tpParams|pamLength_3.modelParams|sensorParams|encoders|traffic:n_272.modelParams|sensorParams|encoders|_classifierInput|n_275.modelParams|spParams|synPermInactiveDec_0.05015,  656,  None,  None,  0.05005,  11,  14,  3,  None,  272,  275,  0.05015,  6.17764701011,  9.68796304084, 
1041,  3709,  completed,  eof,  2015-03-17 22:07:37,  2015-03-17 22:07:49,  12,  modelParams|clParams|alpha_0.0001.modelParams|tpParams|minThreshold_9.modelParams|tpParams|activationThreshold_12.modelParams|tpParams|pamLength_1.modelParams|sensorParams|encoders|timestamp_dayOfWeek:radius_1.0.modelParams|sensorParams|encoders|_classifierInput|n_28.modelParams|spParams|synPermInactiveDec_0.1,  656,  None,  None,  0.0001,  9,  12,  1,  1.0,  None,  28,  0.1,  9.37671912803,  14.7048395948, 
1041,  3710,  completed,  eof,  2015-03-17 22:07:37,  2015-03-17 22:07:52,  15,  modelParams|sensorParams|encoders|timestamp_timeOfDay:radius_0.5.modelParams|clParams|alpha_0.0001.modelParams|tpParams|minThreshold_9.modelParams|tpParams|activationThreshold_12.modelParams|tpParams|pamLength_1.modelParams|sensorParams|encoders|_classifierInput|n_28.modelParams|spParams|synPermInactiveDec_0.1,  656,  None,  0.5,  0.0001,  9,  12,  1,  None,  None,  28,  0.1,  8.15987379991,  12.7965478866, 
1041,  3711,  completed,  eof,  2015-03-17 22:07:37,  2015-03-17 22:07:47,  10,  modelParams|sensorParams|encoders|timestamp_weekend:radius_1.modelParams|clParams|alpha_0.0001.modelParams|tpParams|minThreshold_9.modelParams|tpParams|activationThreshold_12.modelParams|tpParams|pamLength_1.modelParams|sensorParams|encoders|_classifierInput|n_28.modelParams|spParams|synPermInactiveDec_0.1,  656,  1,  None,  0.0001,  9,  12,  1,  None,  None,  28,  0.1,  9.16309001507,  14.369820299, 
1041,  3712,  completed,  eof,  2015-03-17 22:07:42,  2015-03-17 22:07:50,  8,  modelParams|clParams|alpha_0.0001.modelParams|tpParams|minThreshold_9.modelParams|tpParams|activationThreshold_12.modelParams|tpParams|pamLength_1.modelParams|sensorParams|encoders|traffic:n_22.modelParams|sensorParams|encoders|_classifierInput|n_28.modelParams|spParams|synPermInactiveDec_0.1,  656,  None,  None,  0.0001,  9,  12,  1,  None,  22,  28,  0.1,  9.07245735677,  14.2276875675, 
1041,  3713,  completed,  eof,  2015-03-17 22:07:48,  2015-03-17 22:08:03,  15,  modelParams|clParams|alpha_0.1.modelParams|tpParams|minThreshold_12.modelParams|tpParams|activationThreshold_16.modelParams|tpParams|pamLength_5.modelParams|sensorParams|encoders|timestamp_dayOfWeek:radius_6.0.modelParams|sensorParams|encoders|_classifierInput|n_521.modelParams|spParams|synPermInactiveDec_0.0003,  656,  None,  None,  0.1,  12,  16,  5,  6.0,  None,  521,  0.0003,  10.181184098,  15.9664246098, 
1041,  3714,  completed,  eof,  2015-03-17 22:07:49,  2015-03-17 22:08:00,  11,  modelParams|sensorParams|encoders|timestamp_timeOfDay:radius_12.0.modelParams|clParams|alpha_0.1.modelParams|tpParams|minThreshold_12.modelParams|tpParams|activationThreshold_16.modelParams|tpParams|pamLength_5.modelParams|sensorParams|encoders|_classifierInput|n_521.modelParams|spParams|synPermInactiveDec_0.0003,  656,  None,  12.0,  0.1,  12,  16,  5,  None,  None,  521,  0.0003,  7.89226972583,  12.3768835103, 
1041,  3715,  completed,  eof,  2015-03-17 22:07:50,  2015-03-17 22:08:00,  10,  modelParams|sensorParams|encoders|timestamp_weekend:radius_1.modelParams|clParams|alpha_0.1.modelParams|tpParams|minThreshold_12.modelParams|tpParams|activationThreshold_16.modelParams|tpParams|pamLength_5.modelParams|sensorParams|encoders|_classifierInput|n_521.modelParams|spParams|synPermInactiveDec_0.0003,  656,  1,  None,  0.1,  12,  16,  5,  None,  None,  521,  0.0003,  11.6461054091,  18.2637561823, 
1041,  3716,  completed,  eof,  2015-03-17 22:07:52,  2015-03-17 22:08:08,  16,  modelParams|clParams|alpha_0.1.modelParams|tpParams|minThreshold_12.modelParams|tpParams|activationThreshold_16.modelParams|tpParams|pamLength_5.modelParams|sensorParams|encoders|traffic:n_521.modelParams|sensorParams|encoders|_classifierInput|n_521.modelParams|spParams|synPermInactiveDec_0.0003,  656,  None,  None,  0.1,  12,  16,  5,  None,  521,  521,  0.0003,  6.70431166694,  10.5138936455, 
1041,  3717,  completed,  eof,  2015-03-17 22:08:00,  2015-03-17 22:08:13,  13,  modelParams|clParams|alpha_0.025075.modelParams|tpParams|minThreshold_10.modelParams|tpParams|activationThreshold_13.modelParams|tpParams|pamLength_2.modelParams|sensorParams|encoders|timestamp_dayOfWeek:radius_4.75.modelParams|sensorParams|encoders|_classifierInput|n_151.modelParams|spParams|synPermInactiveDec_0.075075,  656,  None,  None,  0.025075,  10,  13,  2,  4.75,  None,  151,  0.075075,  11.0351886076,  17.3056989504, 
1041,  3718,  completed,  eof,  2015-03-17 22:08:00,  2015-03-17 22:08:11,  11,  modelParams|sensorParams|encoders|timestamp_timeOfDay:radius_9.125.modelParams|clParams|alpha_0.025075.modelParams|tpParams|minThreshold_10.modelParams|tpParams|activationThreshold_13.modelParams|tpParams|pamLength_2.modelParams|sensorParams|encoders|_classifierInput|n_151.modelParams|spParams|synPermInactiveDec_0.075075,  656,  None,  9.125,  0.025075,  10,  13,  2,  None,  None,  151,  0.075075,  8.01522904744,  12.5697118415, 
1041,  3719,  completed,  eof,  2015-03-17 22:08:03,  2015-03-17 22:08:12,  9,  modelParams|sensorParams|encoders|timestamp_weekend:radius_1.modelParams|clParams|alpha_0.025075.modelParams|tpParams|minThreshold_10.modelParams|tpParams|activationThreshold_13.modelParams|tpParams|pamLength_2.modelParams|sensorParams|encoders|_classifierInput|n_151.modelParams|spParams|synPermInactiveDec_0.075075,  656,  1,  None,  0.025075,  10,  13,  2,  None,  None,  151,  0.075075,  11.0149031473,  17.2738867103, 
1041,  3720,  completed,  eof,  2015-03-17 22:08:08,  2015-03-17 22:08:18,  10,  modelParams|clParams|alpha_0.025075.modelParams|tpParams|minThreshold_10.modelParams|tpParams|activationThreshold_13.modelParams|tpParams|pamLength_2.modelParams|sensorParams|encoders|traffic:n_147.modelParams|sensorParams|encoders|_classifierInput|n_151.modelParams|spParams|synPermInactiveDec_0.075075,  656,  None,  None,  0.025075,  10,  13,  2,  None,  147,  151,  0.075075,  6.24595374527,  9.79508362002, 
1041,  3721,  completed,  eof,  2015-03-17 22:08:11,  2015-03-17 22:08:22,  11,  modelParams|clParams|alpha_0.075025.modelParams|tpParams|minThreshold_11.modelParams|tpParams|activationThreshold_15.modelParams|tpParams|pamLength_4.modelParams|sensorParams|encoders|timestamp_dayOfWeek:radius_2.25.modelParams|sensorParams|encoders|_classifierInput|n_398.modelParams|spParams|synPermInactiveDec_0.025225,  656,  None,  None,  0.075025,  11,  15,  4,  2.25,  None,  398,  0.025225,  9.89616167178,  15.5194442747, 
1041,  3722,  completed,  eof,  2015-03-17 22:08:13,  2015-03-17 22:08:22,  9,  modelParams|sensorParams|encoders|timestamp_timeOfDay:radius_3.375.modelParams|clParams|alpha_0.075025.modelParams|tpParams|minThreshold_11.modelParams|tpParams|activationThreshold_15.modelParams|tpParams|pamLength_4.modelParams|sensorParams|encoders|_classifierInput|n_398.modelParams|spParams|synPermInactiveDec_0.025225,  656,  None,  3.375,  0.075025,  11,  15,  4,  None,  None,  398,  0.025225,  8.22814059462,  12.90360583, 
1041,  3723,  completed,  eof,  2015-03-17 22:08:13,  2015-03-17 22:08:23,  10,  modelParams|sensorParams|encoders|timestamp_weekend:radius_1.modelParams|clParams|alpha_0.075025.modelParams|tpParams|minThreshold_11.modelParams|tpParams|activationThreshold_15.modelParams|tpParams|pamLength_4.modelParams|sensorParams|encoders|_classifierInput|n_398.modelParams|spParams|synPermInactiveDec_0.025225,  656,  1,  None,  0.075025,  11,  15,  4,  None,  None,  398,  0.025225,  12.037590816,  18.8776948141, 
1041,  3724,  completed,  eof,  2015-03-17 22:08:19,  2015-03-17 22:08:32,  13,  modelParams|clParams|alpha_0.075025.modelParams|tpParams|minThreshold_11.modelParams|tpParams|activationThreshold_15.modelParams|tpParams|pamLength_4.modelParams|sensorParams|encoders|traffic:n_396.modelParams|sensorParams|encoders|_classifierInput|n_398.modelParams|spParams|synPermInactiveDec_0.025225,  656,  None,  None,  0.075025,  11,  15,  4,  None,  396,  398,  0.025225,  6.1896127325,  9.70672802953, 
1041,  3725,  completed,  eof,  2015-03-17 22:08:22,  2015-03-17 22:08:32,  10,  modelParams|clParams|alpha_0.0145852851107.modelParams|tpParams|minThreshold_9.modelParams|tpParams|activationThreshold_12.modelParams|tpParams|pamLength_2.modelParams|sensorParams|encoders|timestamp_dayOfWeek:radius_1.72020278056.modelParams|sensorParams|encoders|_classifierInput|n_52.modelParams|spParams|synPermInactiveDec_0.0989798227547,  656,  None,  None,  0.0145852851107,  9,  12,  2,  1.72020278056,  None,  52,  0.0989798227547,  8.75724314248,  13.7333596052, 
1041,  3736,  completed,  eof,  2015-03-17 22:08:23,  2015-03-17 22:08:32,  9,  modelParams|sensorParams|encoders|timestamp_timeOfDay:radius_11.482524737.modelParams|clParams|alpha_0.0994647505482.modelParams|tpParams|minThreshold_12.modelParams|tpParams|activationThreshold_16.modelParams|tpParams|pamLength_5.modelParams|sensorParams|encoders|_classifierInput|n_521.modelParams|spParams|synPermInactiveDec_0.0112901772453,  656,  None,  11.482524737,  0.0994647505482,  12,  16,  5,  None,  None,  521,  0.0112901772453,  8.09684606285,  12.6977059835, 
1041,  3737,  completed,  eof,  2015-03-17 22:08:23,  2015-03-17 22:08:33,  10,  modelParams|sensorParams|encoders|timestamp_weekend:radius_1.modelParams|clParams|alpha_0.00958991421899.modelParams|tpParams|minThreshold_9.modelParams|tpParams|activationThreshold_12.modelParams|tpParams|pamLength_1.modelParams|sensorParams|encoders|_classifierInput|n_80.modelParams|spParams|synPermInactiveDec_0.0955441272355,  656,  1,  None,  0.00958991421899,  9,  12,  1,  None,  None,  80,  0.0955441272355,  11.628269981,  18.2357861529, 
1041,  3738,  completed,  eof,  2015-03-17 22:08:32,  2015-03-17 22:08:47,  15,  modelParams|clParams|alpha_0.055045.modelParams|tpParams|minThreshold_11.modelParams|tpParams|activationThreshold_14.modelParams|tpParams|pamLength_3.modelParams|sensorParams|encoders|traffic:n_296.modelParams|sensorParams|encoders|_classifierInput|n_299.modelParams|spParams|synPermInactiveDec_0.055135,  656,  None,  None,  0.055045,  11,  14,  3,  None,  296,  299,  0.055135,  6.07764135838,  9.53113131247, 
1041,  3739,  completed,  eof,  2015-03-17 22:08:33,  2015-03-17 22:08:46,  13,  modelParams|clParams|alpha_0.00683814325661.modelParams|tpParams|minThreshold_9.modelParams|tpParams|activationThreshold_12.modelParams|tpParams|pamLength_2.modelParams|sensorParams|encoders|timestamp_dayOfWeek:radius_1.33474624057.modelParams|sensorParams|encoders|_classifierInput|n_77.modelParams|spParams|synPermInactiveDec_0.0941177183451,  656,  None,  None,  0.00683814325661,  9,  12,  2,  1.33474624057,  None,  77,  0.0941177183451,  10.2815697731,  16.1238523018, 
1041,  3760,  completed,  eof,  2015-03-17 22:08:33,  2015-03-17 22:08:45,  12,  modelParams|sensorParams|encoders|timestamp_timeOfDay:radius_9.24004947402.modelParams|clParams|alpha_0.0839445010964.modelParams|tpParams|minThreshold_12.modelParams|tpParams|activationThreshold_15.modelParams|tpParams|pamLength_4.modelParams|sensorParams|encoders|_classifierInput|n_497.modelParams|spParams|synPermInactiveDec_0.00732535449062,  656,  None,  9.24004947402,  0.0839445010964,  12,  15,  4,  None,  None,  497,  0.00732535449062,  8.50420246655,  13.3365339672, 
1041,  3761,  completed,  eof,  2015-03-17 22:08:34,  2015-03-17 22:08:46,  12,  modelParams|sensorParams|encoders|timestamp_weekend:radius_1.modelParams|clParams|alpha_0.0001.modelParams|tpParams|minThreshold_9.modelParams|tpParams|activationThreshold_12.modelParams|tpParams|pamLength_1.modelParams|sensorParams|encoders|_classifierInput|n_28.modelParams|spParams|synPermInactiveDec_0.095015,  656,  1,  None,  0.0001,  9,  12,  1,  None,  None,  28,  0.095015,  9.16309001507,  14.369820299, 
1041,  3762,  completed,  eof,  2015-03-17 22:08:46,  2015-03-17 22:09:00,  14,  modelParams|clParams|alpha_0.0355647148893.modelParams|tpParams|minThreshold_11.modelParams|tpParams|activationThreshold_14.modelParams|tpParams|pamLength_2.modelParams|sensorParams|encoders|traffic:n_200.modelParams|sensorParams|encoders|_classifierInput|n_300.modelParams|spParams|synPermInactiveDec_0.0511701772453,  656,  None,  None,  0.0355647148893,  11,  14,  2,  None,  200,  300,  0.0511701772453,  6.84552549777,  10.735349221, 
1041,  3763,  completed,  eof,  2015-03-17 22:08:46,  2015-03-17 22:08:59,  13,  modelParams|clParams|alpha_0.0258187134779.modelParams|tpParams|minThreshold_9.modelParams|tpParams|activationThreshold_12.modelParams|tpParams|pamLength_2.modelParams|sensorParams|encoders|timestamp_dayOfWeek:radius_2.77515180169.modelParams|sensorParams|encoders|_classifierInput|n_28.modelParams|spParams|synPermInactiveDec_0.0920773638544,  656,  None,  None,  0.0258187134779,  9,  12,  2,  2.77515180169,  None,  28,  0.0920773638544,  9.03791608987,  14.1735189631, 
1041,  3764,  completed,  eof,  2015-03-17 22:08:46,  2015-03-17 22:08:57,  11,  modelParams|sensorParams|encoders|timestamp_timeOfDay:radius_11.425.modelParams|clParams|alpha_0.095005.modelParams|tpParams|minThreshold_12.modelParams|tpParams|activationThreshold_16.modelParams|tpParams|pamLength_5.modelParams|sensorParams|encoders|_classifierInput|n_521.modelParams|spParams|synPermInactiveDec_0.005285,  656,  None,  11.425,  0.095005,  12,  16,  5,  None,  None,  521,  0.005285,  7.96552224436,  12.4917602087, 
1041,  3765,  completed,  eof,  2015-03-17 22:08:48,  2015-03-17 22:08:59,  11,  modelParams|sensorParams|encoders|timestamp_weekend:radius_1.modelParams|clParams|alpha_0.014084828438.modelParams|tpParams|minThreshold_9.modelParams|tpParams|activationThreshold_12.modelParams|tpParams|pamLength_1.modelParams|sensorParams|encoders|_classifierInput|n_108.modelParams|spParams|synPermInactiveDec_0.086103254471,  656,  1,  None,  0.014084828438,  9,  12,  1,  None,  None,  108,  0.086103254471,  11.8917468541,  18.6489781344, 
1041,  3766,  completed,  eof,  2015-03-17 22:08:57,  2015-03-17 22:09:13,  16,  modelParams|clParams|alpha_0.0585912565996.modelParams|tpParams|minThreshold_11.modelParams|tpParams|activationThreshold_14.modelParams|tpParams|pamLength_3.modelParams|sensorParams|encoders|traffic:n_363.modelParams|sensorParams|encoders|_classifierInput|n_323.modelParams|spParams|synPermInactiveDec_0.0535143050302,  656,  None,  None,  0.0585912565996,  11,  14,  3,  None,  363,  323,  0.0535143050302,  5.92383601608,  9.28992936791, 
1041,  3767,  completed,  eof,  2015-03-17 22:08:59,  2015-03-17 22:09:11,  12,  modelParams|clParams|alpha_0.0115832858119.modelParams|tpParams|minThreshold_9.modelParams|tpParams|activationThreshold_12.modelParams|tpParams|pamLength_2.modelParams|sensorParams|encoders|timestamp_dayOfWeek:radius_2.04005041141.modelParams|sensorParams|encoders|_classifierInput|n_77.modelParams|spParams|synPermInactiveDec_0.0911151297224,  656,  None,  None,  0.0115832858119,  9,  12,  2,  2.04005041141,  None,  77,  0.0911151297224,  9.93024178814,  15.5728896897, 
1041,  3768,  completed,  eof,  2015-03-17 22:08:59,  2015-03-17 22:09:11,  12,  modelParams|sensorParams|encoders|timestamp_timeOfDay:radius_10.8787623685.modelParams|clParams|alpha_0.0966996258223.modelParams|tpParams|minThreshold_12.modelParams|tpParams|activationThreshold_16.modelParams|tpParams|pamLength_5.modelParams|sensorParams|encoders|_classifierInput|n_497.modelParams|spParams|synPermInactiveDec_0.00432276586796,  656,  None,  10.8787623685,  0.0966996258223,  12,  16,  5,  None,  None,  497,  0.00432276586796,  8.46161077167,  13.269740451, 
1041,  3769,  completed,  eof,  2015-03-17 22:09:00,  2015-03-17 22:09:11,  11,  modelParams|sensorParams|encoders|timestamp_weekend:radius_1.modelParams|clParams|alpha_0.00734245710949.modelParams|tpParams|minThreshold_9.modelParams|tpParams|activationThreshold_12.modelParams|tpParams|pamLength_1.modelParams|sensorParams|encoders|_classifierInput|n_28.modelParams|spParams|synPermInactiveDec_0.0902945636177,  656,  1,  None,  0.00734245710949,  9,  12,  1,  None,  None,  28,  0.0902945636177,  9.36762323988,  14.6905751623, 
1041,  3770,  completed,  eof,  2015-03-17 22:09:11,  2015-03-17 22:09:25,  14,  modelParams|clParams|alpha_0.0443558289336.modelParams|tpParams|minThreshold_11.modelParams|tpParams|activationThreshold_14.modelParams|tpParams|pamLength_3.modelParams|sensorParams|encoders|traffic:n_243.modelParams|sensorParams|encoders|_classifierInput|n_275.modelParams|spParams|synPermInactiveDec_0.0525520708981,  656,  None,  None,  0.0443558289336,  11,  14,  3,  None,  243,  275,  0.0525520708981,  6.07807464839,  9.53181081028, 
1041,  3771,  completed,  eof,  2015-03-17 22:09:11,  2015-03-17 22:09:24,  13,  modelParams|clParams|alpha_0.0210735709226.modelParams|tpParams|minThreshold_9.modelParams|tpParams|activationThreshold_12.modelParams|tpParams|pamLength_2.modelParams|sensorParams|encoders|timestamp_dayOfWeek:radius_2.06984763085.modelParams|sensorParams|encoders|_classifierInput|n_28.modelParams|spParams|synPermInactiveDec_0.0851099524771,  656,  None,  None,  0.0210735709226,  9,  12,  2,  2.06984763085,  None,  28,  0.0851099524771,  9.19938041121,  14.426731938, 
1041,  3782,  completed,  eof,  2015-03-17 22:09:12,  2015-03-17 22:09:22,  10,  modelParams|sensorParams|encoders|timestamp_timeOfDay:radius_9.78628710552.modelParams|clParams|alpha_0.1.modelParams|tpParams|minThreshold_11.modelParams|tpParams|activationThreshold_16.modelParams|tpParams|pamLength_5.modelParams|sensorParams|encoders|_classifierInput|n_521.modelParams|spParams|synPermInactiveDec_0.0003,  656,  None,  9.78628710552,  0.1,  11,  16,  5,  None,  None,  521,  0.0003,  7.77524509816,  12.1933621363, 
1041,  3783,  completed,  eof,  2015-03-17 22:09:13,  2015-03-17 22:09:23,  10,  modelParams|sensorParams|encoders|timestamp_weekend:radius_1.modelParams|clParams|alpha_0.0118373713285.modelParams|tpParams|minThreshold_9.modelParams|tpParams|activationThreshold_12.modelParams|tpParams|pamLength_1.modelParams|sensorParams|encoders|_classifierInput|n_94.modelParams|spParams|synPermInactiveDec_0.0808536908532,  656,  1,  None,  0.0118373713285,  9,  12,  1,  None,  None,  94,  0.0808536908532,  11.6660786676,  18.2950788186, 
1041,  3784,  completed,  eof,  2015-03-17 22:09:22,  2015-03-17 22:09:37,  15,  modelParams|clParams|alpha_0.0567185971462.modelParams|tpParams|minThreshold_10.modelParams|tpParams|activationThreshold_14.modelParams|tpParams|pamLength_3.modelParams|sensorParams|encoders|traffic:n_394.modelParams|sensorParams|encoders|_classifierInput|n_347.modelParams|spParams|synPermInactiveDec_0.0451214356048,  656,  None,  None,  0.0567185971462,  10,  14,  3,  None,  394,  347,  0.0451214356048,  5.77141110125,  9.05089224925, 
1041,  3785,  completed,  eof,  2015-03-17 22:09:23,  2015-03-17 22:09:35,  12,  modelParams|clParams|alpha_0.00571910638831.modelParams|tpParams|minThreshold_9.modelParams|tpParams|activationThreshold_12.modelParams|tpParams|pamLength_1.modelParams|sensorParams|encoders|timestamp_dayOfWeek:radius_1.2752534757.modelParams|sensorParams|encoders|_classifierInput|n_28.modelParams|spParams|synPermInactiveDec_0.1,  656,  None,  None,  0.00571910638831,  9,  12,  1,  1.2752534757,  None,  28,  0.1,  9.32156080576,  14.6183387334, 
1041,  3786,  completed,  eof,  2015-03-17 22:09:24,  2015-03-17 22:09:35,  11,  modelParams|sensorParams|encoders|timestamp_timeOfDay:radius_11.4166961424.modelParams|clParams|alpha_0.1.modelParams|tpParams|minThreshold_11.modelParams|tpParams|activationThreshold_16.modelParams|tpParams|pamLength_5.modelParams|sensorParams|encoders|_classifierInput|n_521.modelParams|spParams|synPermInactiveDec_0.0003,  656,  None,  11.4166961424,  0.1,  11,  16,  5,  None,  None,  521,  0.0003,  8.25933987038,  12.9525334282, 
1041,  3787,  completed,  eof,  2015-03-17 22:09:25,  2015-03-17 22:09:40,  15,  modelParams|clParams|alpha_0.059166233102.modelParams|tpParams|minThreshold_11.modelParams|tpParams|activationThreshold_14.modelParams|tpParams|pamLength_3.modelParams|sensorParams|encoders|traffic:n_357.modelParams|sensorParams|encoders|_classifierInput|n_329.modelParams|spParams|synPermInactiveDec_0.054955791952,  656,  None,  None,  0.059166233102,  11,  14,  3,  None,  357,  329,  0.054955791952,  5.85339234009,  9.17945757689, 
1041,  3788,  completed,  eof,  2015-03-17 22:09:35,  2015-03-17 22:09:47,  12,  modelParams|clParams|alpha_0.0130194137131.modelParams|tpParams|minThreshold_9.modelParams|tpParams|activationThreshold_12.modelParams|tpParams|pamLength_2.modelParams|sensorParams|encoders|timestamp_dayOfWeek:radius_1.65031932354.modelParams|sensorParams|encoders|_classifierInput|n_53.modelParams|spParams|synPermInactiveDec_0.0981156047621,  656,  None,  None,  0.0130194137131,  9,  12,  2,  1.65031932354,  None,  53,  0.0981156047621,  8.99751293234,  14.1101575738, 
1041,  3789,  completed,  eof,  2015-03-17 22:09:36,  2015-03-17 22:09:47,  11,  modelParams|sensorParams|encoders|timestamp_timeOfDay:radius_9.56064459384.modelParams|clParams|alpha_0.1.modelParams|tpParams|minThreshold_11.modelParams|tpParams|activationThreshold_16.modelParams|tpParams|pamLength_5.modelParams|sensorParams|encoders|_classifierInput|n_521.modelParams|spParams|synPermInactiveDec_0.0003,  656,  None,  9.56064459384,  0.1,  11,  16,  5,  None,  None,  521,  0.0003,  7.49497861982,  11.7538402149, 
1041,  3790,  completed,  eof,  2015-03-17 22:09:37,  2015-03-17 22:09:52,  15,  modelParams|clParams|alpha_0.0615656292457.modelParams|tpParams|minThreshold_11.modelParams|tpParams|activationThreshold_14.modelParams|tpParams|pamLength_4.modelParams|sensorParams|encoders|traffic:n_402.modelParams|sensorParams|encoders|_classifierInput|n_415.modelParams|spParams|synPermInactiveDec_0.0336426412133,  656,  None,  None,  0.0615656292457,  11,  14,  4,  None,  402,  415,  0.0336426412133,  5.89482815979,  9.24443841655, 
1041,  3791,  completed,  eof,  2015-03-17 22:09:41,  2015-03-17 22:09:53,  12,  modelParams|clParams|alpha_0.0001.modelParams|tpParams|minThreshold_9.modelParams|tpParams|activationThreshold_12.modelParams|tpParams|pamLength_2.modelParams|sensorParams|encoders|timestamp_dayOfWeek:radius_1.11240671622.modelParams|sensorParams|encoders|_classifierInput|n_28.modelParams|spParams|synPermInactiveDec_0.1,  656,  None,  None,  0.0001,  9,  12,  2,  1.11240671622,  None,  28,  0.1,  9.53752631181,  14.9570220277, 
1041,  3792,  completed,  eof,  2015-03-17 22:09:47,  2015-03-17 22:09:58,  11,  modelParams|sensorParams|encoders|timestamp_timeOfDay:radius_10.1056525465.modelParams|clParams|alpha_0.0993346021993.modelParams|tpParams|minThreshold_11.modelParams|tpParams|activationThreshold_16.modelParams|tpParams|pamLength_5.modelParams|sensorParams|encoders|_classifierInput|n_521.modelParams|spParams|synPermInactiveDec_0.00113653954364,  656,  None,  10.1056525465,  0.0993346021993,  11,  16,  5,  None,  None,  521,  0.00113653954364,  7.85611457307,  12.3201839639, 
1041,  3793,  completed,  eof,  2015-03-17 22:09:48,  2015-03-17 22:10:02,  14,  modelParams|clParams|alpha_0.0467222085359.modelParams|tpParams|minThreshold_10.modelParams|tpParams|activationThreshold_13.modelParams|tpParams|pamLength_3.modelParams|sensorParams|encoders|traffic:n_349.modelParams|sensorParams|encoders|_classifierInput|n_298.modelParams|spParams|synPermInactiveDec_0.0594360583718,  656,  None,  None,  0.0467222085359,  10,  13,  3,  None,  349,  298,  0.0594360583718,  6.10625814706,  9.57600898039, 
1041,  3794,  completed,  eof,  2015-03-17 22:09:52,  2015-03-17 22:10:05,  13,  modelParams|clParams|alpha_0.0106419896117.modelParams|tpParams|minThreshold_9.modelParams|tpParams|activationThreshold_12.modelParams|tpParams|pamLength_2.modelParams|sensorParams|encoders|timestamp_dayOfWeek:radius_1.10287268157.modelParams|sensorParams|encoders|_classifierInput|n_33.modelParams|spParams|synPermInactiveDec_0.1,  656,  None,  None,  0.0106419896117,  9,  12,  2,  1.10287268157,  None,  33,  0.1,  8.25457961368,  12.9450682572, 
1041,  3795,  completed,  eof,  2015-03-17 22:09:54,  2015-03-17 22:10:04,  10,  modelParams|sensorParams|encoders|timestamp_timeOfDay:radius_9.78662915314.modelParams|clParams|alpha_0.1.modelParams|tpParams|minThreshold_11.modelParams|tpParams|activationThreshold_16.modelParams|tpParams|pamLength_5.modelParams|sensorParams|encoders|_classifierInput|n_521.modelParams|spParams|synPermInactiveDec_0.0003,  656,  None,  9.78662915314,  0.1,  11,  16,  5,  None,  None,  521,  0.0003,  7.77524509816,  12.1933621363, 
1041,  3796,  completed,  eof,  2015-03-17 22:09:58,  2015-03-17 22:10:13,  15,  modelParams|clParams|alpha_0.059189931605.modelParams|tpParams|minThreshold_10.modelParams|tpParams|activationThreshold_15.modelParams|tpParams|pamLength_3.modelParams|sensorParams|encoders|traffic:n_389.modelParams|sensorParams|encoders|_classifierInput|n_378.modelParams|spParams|synPermInactiveDec_0.0403858343621,  656,  None,  None,  0.059189931605,  10,  15,  3,  None,  389,  378,  0.0403858343621,  6.14828745296,  9.64192054212, 
1041,  3797,  completed,  eof,  2015-03-17 22:10:02,  2015-03-17 22:10:14,  12,  modelParams|clParams|alpha_0.00233017423238.modelParams|tpParams|minThreshold_9.modelParams|tpParams|activationThreshold_12.modelParams|tpParams|pamLength_2.modelParams|sensorParams|encoders|timestamp_dayOfWeek:radius_1.7409262806.modelParams|sensorParams|encoders|_classifierInput|n_28.modelParams|spParams|synPermInactiveDec_0.1,  656,  None,  None,  0.00233017423238,  9,  12,  2,  1.7409262806,  None,  28,  0.1,  9.66215664979,  15.1524708946, 
1041,  3798,  completed,  eof,  2015-03-17 22:10:05,  2015-03-17 22:10:15,  10,  modelParams|sensorParams|encoders|timestamp_timeOfDay:radius_11.2063374767.modelParams|clParams|alpha_0.1.modelParams|tpParams|minThreshold_12.modelParams|tpParams|activationThreshold_16.modelParams|tpParams|pamLength_5.modelParams|sensorParams|encoders|_classifierInput|n_521.modelParams|spParams|synPermInactiveDec_0.0003,  656,  None,  11.2063374767,  0.1,  12,  16,  5,  None,  None,  521,  0.0003,  8.11052611831,  12.7191594384, 
1041,  3799,  completed,  eof,  2015-03-17 22:10:05,  2015-03-17 22:10:21,  16,  modelParams|clParams|alpha_0.0521419964328.modelParams|tpParams|minThreshold_10.modelParams|tpParams|activationThreshold_13.modelParams|tpParams|pamLength_3.modelParams|sensorParams|encoders|traffic:n_394.modelParams|sensorParams|encoders|_classifierInput|n_335.modelParams|spParams|synPermInactiveDec_0.050095544506,  656,  None,  None,  0.0521419964328,  10,  13,  3,  None,  394,  335,  0.050095544506,  5.53846037323,  8.68557224315, 
1041,  3800,  completed,  eof,  2015-03-17 22:10:13,  2015-03-17 22:10:25,  12,  modelParams|clParams|alpha_0.00983028126936.modelParams|tpParams|minThreshold_9.modelParams|tpParams|activationThreshold_12.modelParams|tpParams|pamLength_2.modelParams|sensorParams|encoders|timestamp_dayOfWeek:radius_1.13182016985.modelParams|sensorParams|encoders|_classifierInput|n_28.modelParams|spParams|synPermInactiveDec_0.1,  656,  None,  None,  0.00983028126936,  9,  12,  2,  1.13182016985,  None,  28,  0.1,  9.40199722089,  14.7444814242, 
1041,  3801,  completed,  eof,  2015-03-17 22:10:14,  2015-03-17 22:10:25,  11,  modelParams|sensorParams|encoders|timestamp_timeOfDay:radius_9.91420423019.modelParams|clParams|alpha_0.1.modelParams|tpParams|minThreshold_11.modelParams|tpParams|activationThreshold_16.modelParams|tpParams|pamLength_5.modelParams|sensorParams|encoders|_classifierInput|n_521.modelParams|spParams|synPermInactiveDec_0.0003,  656,  None,  9.91420423019,  0.1,  11,  16,  5,  None,  None,  521,  0.0003,  7.84856069678,  12.3083377587, 
1041,  3802,  completed,  eof,  2015-03-17 22:10:16,  2015-03-17 22:10:31,  15,  modelParams|clParams|alpha_0.0582139457234.modelParams|tpParams|minThreshold_10.modelParams|tpParams|activationThreshold_14.modelParams|tpParams|pamLength_3.modelParams|sensorParams|encoders|traffic:n_402.modelParams|sensorParams|encoders|_classifierInput|n_355.modelParams|spParams|synPermInactiveDec_0.0462613287374,  656,  None,  None,  0.0582139457234,  10,  14,  3,  None,  402,  355,  0.0462613287374,  5.59915645641,  8.78075757984, 
1041,  3803,  completed,  eof,  2015-03-17 22:10:21,  2015-03-17 22:10:34,  13,  modelParams|clParams|alpha_0.0126390075772.modelParams|tpParams|minThreshold_9.modelParams|tpParams|activationThreshold_12.modelParams|tpParams|pamLength_1.modelParams|sensorParams|encoders|timestamp_dayOfWeek:radius_1.28473032562.modelParams|sensorParams|encoders|_classifierInput|n_28.modelParams|spParams|synPermInactiveDec_0.1,  656,  None,  None,  0.0126390075772,  9,  12,  1,  1.28473032562,  None,  28,  0.1,  9.50697098791,  14.9091042933, 
1041,  3804,  completed,  eof,  2015-03-17 22:10:25,  2015-03-17 22:10:38,  13,  modelParams|sensorParams|encoders|timestamp_timeOfDay:radius_9.6407933738.modelParams|clParams|alpha_0.1.modelParams|tpParams|minThreshold_11.modelParams|tpParams|activationThreshold_16.modelParams|tpParams|pamLength_5.modelParams|sensorParams|encoders|_classifierInput|n_521.modelParams|spParams|synPermInactiveDec_0.0003,  656,  None,  9.6407933738,  0.1,  11,  16,  5,  None,  None,  521,  0.0003,  7.49497861982,  11.7538402149, 
1041,  3805,  completed,  eof,  2015-03-17 22:10:26,  2015-03-17 22:10:41,  15,  modelParams|clParams|alpha_0.060432674715.modelParams|tpParams|minThreshold_10.modelParams|tpParams|activationThreshold_13.modelParams|tpParams|pamLength_3.modelParams|sensorParams|encoders|traffic:n_446.modelParams|sensorParams|encoders|_classifierInput|n_364.modelParams|spParams|synPermInactiveDec_0.0437316624946,  656,  None,  None,  0.060432674715,  10,  13,  3,  None,  446,  364,  0.0437316624946,  5.67714521584,  8.90306178687, 
1041,  3806,  completed,  eof,  2015-03-17 22:10:31,  2015-03-17 22:10:44,  13,  modelParams|clParams|alpha_0.00851621136184.modelParams|tpParams|minThreshold_9.modelParams|tpParams|activationThreshold_12.modelParams|tpParams|pamLength_1.modelParams|sensorParams|encoders|timestamp_dayOfWeek:radius_1.09168344235.modelParams|sensorParams|encoders|_classifierInput|n_28.modelParams|spParams|synPermInactiveDec_0.1,  656,  None,  None,  0.00851621136184,  9,  12,  1,  1.09168344235,  None,  28,  0.1,  9.53370189428,  14.9510244666, 
1041,  3807,  completed,  eof,  2015-03-17 22:10:34,  2015-03-17 22:10:47,  13,  modelParams|sensorParams|encoders|timestamp_timeOfDay:radius_9.3343568968.modelParams|clParams|alpha_0.1.modelParams|tpParams|minThreshold_11.modelParams|tpParams|activationThreshold_16.modelParams|tpParams|pamLength_5.modelParams|sensorParams|encoders|_classifierInput|n_521.modelParams|spParams|synPermInactiveDec_0.0003,  656,  None,  9.3343568968,  0.1,  11,  16,  5,  None,  None,  521,  0.0003,  7.56945921369,  11.8706428162, 
1041,  3808,  completed,  eof,  2015-03-17 22:10:38,  2015-03-17 22:10:52,  14,  modelParams|clParams|alpha_0.051277746386.modelParams|tpParams|minThreshold_10.modelParams|tpParams|activationThreshold_13.modelParams|tpParams|pamLength_3.modelParams|sensorParams|encoders|traffic:n_385.modelParams|sensorParams|encoders|_classifierInput|n_334.modelParams|spParams|synPermInactiveDec_0.0515011226663,  656,  None,  None,  0.051277746386,  10,  13,  3,  None,  385,  334,  0.0515011226663,  5.78428299486,  9.07107832161, 
1041,  3809,  completed,  eof,  2015-03-17 22:10:41,  2015-03-17 22:10:53,  12,  modelParams|clParams|alpha_0.0104066655617.modelParams|tpParams|minThreshold_9.modelParams|tpParams|activationThreshold_12.modelParams|tpParams|pamLength_2.modelParams|sensorParams|encoders|timestamp_dayOfWeek:radius_1.modelParams|sensorParams|encoders|_classifierInput|n_28.modelParams|spParams|synPermInactiveDec_0.1,  656,  None,  None,  0.0104066655617,  9,  12,  2,  1,  None,  28,  0.1,  9.57997635679,  15.0235934045, 
1041,  3810,  completed,  eof,  2015-03-17 22:10:45,  2015-03-17 22:10:56,  11,  modelParams|sensorParams|encoders|timestamp_timeOfDay:radius_9.33054738406.modelParams|clParams|alpha_0.1.modelParams|tpParams|minThreshold_11.modelParams|tpParams|activationThreshold_15.modelParams|tpParams|pamLength_5.modelParams|sensorParams|encoders|_classifierInput|n_521.modelParams|spParams|synPermInactiveDec_0.0003,  656,  None,  9.33054738406,  0.1,  11,  15,  5,  None,  None,  521,  0.0003,  7.5006834068,  11.7627866253, 
1041,  3811,  completed,  eof,  2015-03-17 22:10:47,  2015-03-17 22:11:01,  14,  modelParams|clParams|alpha_0.0532742466503.modelParams|tpParams|minThreshold_10.modelParams|tpParams|activationThreshold_12.modelParams|tpParams|pamLength_3.modelParams|sensorParams|encoders|traffic:n_395.modelParams|sensorParams|encoders|_classifierInput|n_338.modelParams|spParams|synPermInactiveDec_0.0483498373204,  656,  None,  None,  0.0532742466503,  10,  12,  3,  None,  395,  338,  0.0483498373204,  5.95761531287,  9.34290302897, 
1041,  3812,  completed,  eof,  2015-03-17 22:10:52,  2015-03-17 22:11:03,  11,  modelParams|clParams|alpha_0.00932411362711.modelParams|tpParams|minThreshold_9.modelParams|tpParams|activationThreshold_12.modelParams|tpParams|pamLength_2.modelParams|sensorParams|encoders|timestamp_dayOfWeek:radius_1.22031035408.modelParams|sensorParams|encoders|_classifierInput|n_28.modelParams|spParams|synPermInactiveDec_0.1,  656,  None,  None,  0.00932411362711,  9,  12,  2,  1.22031035408,  None,  28,  0.1,  9.35857746569,  14.6763893201, 
1041,  3813,  completed,  eof,  2015-03-17 22:10:53,  2015-03-17 22:11:04,  11,  modelParams|sensorParams|encoders|timestamp_timeOfDay:radius_9.85351985398.modelParams|clParams|alpha_0.1.modelParams|tpParams|minThreshold_10.modelParams|tpParams|activationThreshold_16.modelParams|tpParams|pamLength_5.modelParams|sensorParams|encoders|_classifierInput|n_521.modelParams|spParams|synPermInactiveDec_0.0003,  656,  None,  9.85351985398,  0.1,  10,  16,  5,  None,  None,  521,  0.0003,  8.02695148787,  12.5880953084, 
1041,  3814,  completed,  eof,  2015-03-17 22:10:56,  2015-03-17 22:11:10,  14,  modelParams|clParams|alpha_0.0509978462544.modelParams|tpParams|minThreshold_10.modelParams|tpParams|activationThreshold_13.modelParams|tpParams|pamLength_3.modelParams|sensorParams|encoders|traffic:n_394.modelParams|sensorParams|encoders|_classifierInput|n_331.modelParams|spParams|synPermInactiveDec_0.0513390717313,  656,  None,  None,  0.0509978462544,  10,  13,  3,  None,  394,  331,  0.0513390717313,  5.57027119814,  8.7354588902, 
1041,  3815,  completed,  killed,  2015-03-17 22:11:01,  2015-03-17 22:11:03,  2,  modelParams|clParams|alpha_0.0127706106955.modelParams|tpParams|minThreshold_9.modelParams|tpParams|activationThreshold_12.modelParams|tpParams|pamLength_2.modelParams|sensorParams|encoders|timestamp_dayOfWeek:radius_1.21496049922.modelParams|sensorParams|encoders|_classifierInput|n_37.modelParams|spParams|synPermInactiveDec_0.1,  100,  None,  None,  0.0127706106955,  9,  12,  2,  1.21496049922,  None,  37,  0.1,  7.91086779642,  11.2727249611, 
1041,  3816,  completed,  killed,  2015-03-17 22:11:03,  2015-03-17 22:11:05,  2,  modelParams|sensorParams|encoders|timestamp_timeOfDay:radius_9.25219642565.modelParams|clParams|alpha_0.1.modelParams|tpParams|minThreshold_11.modelParams|tpParams|activationThreshold_16.modelParams|tpParams|pamLength_5.modelParams|sensorParams|encoders|_classifierInput|n_521.modelParams|spParams|synPermInactiveDec_0.0003,  50,  None,  9.25219642565,  0.1,  11,  16,  5,  None,  None,  521,  0.0003,  6.03905993203,  8.49037666044, 
1041,  3817,  completed,  killed,  2015-03-17 22:11:04,  2015-03-17 22:11:11,  7,  modelParams|clParams|alpha_0.0530575688313.modelParams|tpParams|minThreshold_10.modelParams|tpParams|activationThreshold_13.modelParams|tpParams|pamLength_3.modelParams|sensorParams|encoders|traffic:n_407.modelParams|sensorParams|encoders|_classifierInput|n_341.modelParams|spParams|synPermInactiveDec_0.0474600401309,  400,  None,  None,  0.0530575688313,  10,  13,  3,  None,  407,  341,  0.0474600401309,  6.38476212528,  9.70268448099, 
1041,  3818,  completed,  killed,  2015-03-17 22:11:04,  2015-03-17 22:11:11,  7,  modelParams|clParams|alpha_0.0534339510065.modelParams|tpParams|minThreshold_9.modelParams|tpParams|activationThreshold_13.modelParams|tpParams|pamLength_3.modelParams|sensorParams|encoders|traffic:n_415.modelParams|sensorParams|encoders|_classifierInput|n_322.modelParams|spParams|synPermInactiveDec_0.0518511751634,  350,  None,  None,  0.0534339510065,  9,  13,  3,  None,  415,  322,  0.0518511751634,  6.50491754416,  9.79996990313, 
1041,  3819,  completed,  killed,  2015-03-17 22:11:05,  2015-03-17 22:11:11,  6,  modelParams|clParams|alpha_0.0531166771045.modelParams|tpParams|minThreshold_10.modelParams|tpParams|activationThreshold_13.modelParams|tpParams|pamLength_3.modelParams|sensorParams|encoders|traffic:n_402.modelParams|sensorParams|encoders|_classifierInput|n_344.modelParams|spParams|synPermInactiveDec_0.048281133468,  300,  None,  None,  0.0531166771045,  10,  13,  3,  None,  402,  344,  0.048281133468,  6.72553489196,  9.81229319996, 
1041,  3820,  completed,  eof,  2015-03-17 22:11:11,  2015-03-17 22:11:24,  13,  modelParams|clParams|alpha_0.05005.modelParams|tpParams|minThreshold_11.modelParams|tpParams|activationThreshold_14.modelParams|tpParams|pamLength_3.modelParams|sensorParams|encoders|timestamp_dayOfWeek:radius_3.5.modelParams|sensorParams|encoders|traffic:n_419.modelParams|sensorParams|encoders|_classifierInput|n_275.modelParams|spParams|synPermInactiveDec_0.05015,  656,  None,  None,  0.05005,  11,  14,  3,  3.5,  419,  275,  0.05015,  8.65737834153,  13.5767487631, 
1041,  3831,  completed,  eof,  2015-03-17 22:11:11,  2015-03-17 22:11:23,  12,  modelParams|sensorParams|encoders|timestamp_timeOfDay:radius_6.25.modelParams|clParams|alpha_0.05005.modelParams|tpParams|minThreshold_11.modelParams|tpParams|activationThreshold_14.modelParams|tpParams|pamLength_3.modelParams|sensorParams|encoders|traffic:n_419.modelParams|sensorParams|encoders|_classifierInput|n_275.modelParams|spParams|synPermInactiveDec_0.05015,  656,  None,  6.25,  0.05005,  11,  14,  3,  None,  419,  275,  0.05015,  6.45854917141,  10.1284818585, 
1041,  3839,  completed,  eof,  2015-03-17 22:11:12,  2015-03-17 22:11:25,  13,  modelParams|clParams|alpha_0.0001.modelParams|tpParams|minThreshold_9.modelParams|tpParams|activationThreshold_12.modelParams|tpParams|pamLength_1.modelParams|sensorParams|encoders|timestamp_dayOfWeek:radius_1.0.modelParams|sensorParams|encoders|traffic:n_419.modelParams|sensorParams|encoders|_classifierInput|n_28.modelParams|spParams|synPermInactiveDec_0.1,  656,  None,  None,  0.0001,  9,  12,  1,  1.0,  419,  28,  0.1,  8.62503137398,  13.5260213218, 
1041,  3843,  completed,  eof,  2015-03-17 22:11:12,  2015-03-17 22:11:28,  16,  modelParams|sensorParams|encoders|timestamp_timeOfDay:radius_0.5.modelParams|clParams|alpha_0.0001.modelParams|tpParams|minThreshold_9.modelParams|tpParams|activationThreshold_12.modelParams|tpParams|pamLength_1.modelParams|sensorParams|encoders|traffic:n_419.modelParams|sensorParams|encoders|_classifierInput|n_28.modelParams|spParams|synPermInactiveDec_0.1,  656,  None,  0.5,  0.0001,  9,  12,  1,  None,  419,  28,  0.1,  7.91956140184,  12.4196830986, 
1041,  3844,  completed,  eof,  2015-03-17 22:11:24,  2015-03-17 22:11:36,  12,  modelParams|clParams|alpha_0.1.modelParams|tpParams|minThreshold_12.modelParams|tpParams|activationThreshold_16.modelParams|tpParams|pamLength_5.modelParams|sensorParams|encoders|timestamp_dayOfWeek:radius_6.0.modelParams|sensorParams|encoders|traffic:n_419.modelParams|sensorParams|encoders|_classifierInput|n_521.modelParams|spParams|synPermInactiveDec_0.0003,  656,  None,  None,  0.1,  12,  16,  5,  6.0,  419,  521,  0.0003,  9.51630027926,  14.9237347553, 
1041,  3845,  completed,  eof,  2015-03-17 22:11:25,  2015-03-17 22:11:39,  14,  modelParams|sensorParams|encoders|timestamp_timeOfDay:radius_12.0.modelParams|clParams|alpha_0.1.modelParams|tpParams|minThreshold_12.modelParams|tpParams|activationThreshold_16.modelParams|tpParams|pamLength_5.modelParams|sensorParams|encoders|traffic:n_439.modelParams|sensorParams|encoders|_classifierInput|n_521.modelParams|spParams|synPermInactiveDec_0.0003,  656,  None,  12.0,  0.1,  12,  16,  5,  None,  439,  521,  0.0003,  8.24256788893,  12.9262311263, 
1041,  3846,  completed,  eof,  2015-03-17 22:11:25,  2015-03-17 22:11:38,  13,  modelParams|clParams|alpha_0.025075.modelParams|tpParams|minThreshold_10.modelParams|tpParams|activationThreshold_13.modelParams|tpParams|pamLength_2.modelParams|sensorParams|encoders|timestamp_dayOfWeek:radius_4.75.modelParams|sensorParams|encoders|traffic:n_391.modelParams|sensorParams|encoders|_classifierInput|n_151.modelParams|spParams|synPermInactiveDec_0.075075,  656,  None,  None,  0.025075,  10,  13,  2,  4.75,  391,  151,  0.075075,  8.73067237466,  13.6916905658, 
1041,  3847,  completed,  eof,  2015-03-17 22:11:28,  2015-03-17 22:11:42,  14,  modelParams|sensorParams|encoders|timestamp_timeOfDay:radius_9.125.modelParams|clParams|alpha_0.025075.modelParams|tpParams|minThreshold_10.modelParams|tpParams|activationThreshold_13.modelParams|tpParams|pamLength_2.modelParams|sensorParams|encoders|traffic:n_391.modelParams|sensorParams|encoders|_classifierInput|n_151.modelParams|spParams|synPermInactiveDec_0.075075,  656,  None,  9.125,  0.025075,  10,  13,  2,  None,  391,  151,  0.075075,  5.92617231234,  9.29359321464, 
1041,  3848,  completed,  eof,  2015-03-17 22:11:36,  2015-03-17 22:11:50,  14,  modelParams|clParams|alpha_0.075025.modelParams|tpParams|minThreshold_11.modelParams|tpParams|activationThreshold_15.modelParams|tpParams|pamLength_4.modelParams|sensorParams|encoders|timestamp_dayOfWeek:radius_2.25.modelParams|sensorParams|encoders|traffic:n_444.modelParams|sensorParams|encoders|_classifierInput|n_398.modelParams|spParams|synPermInactiveDec_0.025225,  656,  None,  None,  0.075025,  11,  15,  4,  2.25,  444,  398,  0.025225,  8.6868324755,  13.6229395799, 
1041,  3849,  completed,  eof,  2015-03-17 22:11:38,  2015-03-17 22:11:51,  13,  modelParams|sensorParams|encoders|timestamp_timeOfDay:radius_3.375.modelParams|clParams|alpha_0.075025.modelParams|tpParams|minThreshold_11.modelParams|tpParams|activationThreshold_15.modelParams|tpParams|pamLength_4.modelParams|sensorParams|encoders|traffic:n_442.modelParams|sensorParams|encoders|_classifierInput|n_398.modelParams|spParams|synPermInactiveDec_0.025225,  656,  None,  3.375,  0.075025,  11,  15,  4,  None,  442,  398,  0.025225,  7.39695321988,  11.6001139741, 
1041,  3850,  completed,  eof,  2015-03-17 22:11:39,  2015-03-17 22:11:53,  14,  modelParams|clParams|alpha_0.0145852851107.modelParams|tpParams|minThreshold_9.modelParams|tpParams|activationThreshold_12.modelParams|tpParams|pamLength_2.modelParams|sensorParams|encoders|timestamp_dayOfWeek:radius_1.72020278056.modelParams|sensorParams|encoders|traffic:n_425.modelParams|sensorParams|encoders|_classifierInput|n_82.modelParams|spParams|synPermInactiveDec_0.1,  656,  None,  None,  0.0145852851107,  9,  12,  2,  1.72020278056,  425,  82,  0.1,  8.78965516989,  13.7841890753, 
1041,  3851,  completed,  eof,  2015-03-17 22:11:42,  2015-03-17 22:11:56,  14,  modelParams|sensorParams|encoders|timestamp_timeOfDay:radius_9.15376236851.modelParams|clParams|alpha_0.0328351247259.modelParams|tpParams|minThreshold_10.modelParams|tpParams|activationThreshold_13.modelParams|tpParams|pamLength_2.modelParams|sensorParams|encoders|traffic:n_397.modelParams|sensorParams|encoders|_classifierInput|n_190.modelParams|spParams|synPermInactiveDec_0.0805080665616,  656,  None,  9.15376236851,  0.0328351247259,  10,  13,  2,  None,  397,  190,  0.0805080665616,  6.28304252629,  9.85324730907, 
1041,  3852,  completed,  eof,  2015-03-17 22:11:50,  2015-03-17 22:12:04,  14,  modelParams|clParams|alpha_0.0001.modelParams|tpParams|minThreshold_9.modelParams|tpParams|activationThreshold_12.modelParams|tpParams|pamLength_1.modelParams|sensorParams|encoders|timestamp_dayOfWeek:radius_1.modelParams|sensorParams|encoders|traffic:n_425.modelParams|sensorParams|encoders|_classifierInput|n_28.modelParams|spParams|synPermInactiveDec_0.095015,  656,  None,  None,  0.0001,  9,  12,  1,  1,  425,  28,  0.095015,  8.58380097531,  13.4613626293, 
1041,  3853,  completed,  eof,  2015-03-17 22:11:51,  2015-03-17 22:12:02,  11,  modelParams|sensorParams|encoders|timestamp_timeOfDay:radius_6.91128710552.modelParams|clParams|alpha_0.0173148752741.modelParams|tpParams|minThreshold_10.modelParams|tpParams|activationThreshold_13.modelParams|tpParams|pamLength_2.modelParams|sensorParams|encoders|traffic:n_397.modelParams|sensorParams|encoders|_classifierInput|n_112.modelParams|spParams|synPermInactiveDec_0.0696419334384,  656,  None,  6.91128710552,  0.0173148752741,  10,  13,  2,  None,  397,  112,  0.0696419334384,  6.27426320722,  9.83947932936, 
1041,  3854,  completed,  eof,  2015-03-17 22:11:53,  2015-03-17 22:12:08,  15,  modelParams|clParams|alpha_0.0140855702213.modelParams|tpParams|minThreshold_9.modelParams|tpParams|activationThreshold_12.modelParams|tpParams|pamLength_1.modelParams|sensorParams|encoders|timestamp_dayOfWeek:radius_2.19040556112.modelParams|sensorParams|encoders|traffic:n_425.modelParams|sensorParams|encoders|_classifierInput|n_63.modelParams|spParams|synPermInactiveDec_0.1,  656,  None,  None,  0.0140855702213,  9,  12,  1,  2.19040556112,  425,  63,  0.1,  8.76924505135,  13.7521813426, 
1041,  3855,  completed,  eof,  2015-03-17 22:11:56,  2015-03-17 22:12:09,  13,  modelParams|sensorParams|encoders|timestamp_timeOfDay:radius_9.09623763149.modelParams|clParams|alpha_0.0283753741777.modelParams|tpParams|minThreshold_10.modelParams|tpParams|activationThreshold_13.modelParams|tpParams|pamLength_2.modelParams|sensorParams|encoders|traffic:n_403.modelParams|sensorParams|encoders|_classifierInput|n_171.modelParams|spParams|synPermInactiveDec_0.0814041996848,  656,  None,  9.09623763149,  0.0283753741777,  10,  13,  2,  None,  403,  171,  0.0814041996848,  6.07222864988,  9.52264294792, 
1041,  3856,  completed,  eof,  2015-03-17 22:12:03,  2015-03-17 22:12:16,  13,  modelParams|clParams|alpha_0.0001.modelParams|tpParams|minThreshold_9.modelParams|tpParams|activationThreshold_12.modelParams|tpParams|pamLength_1.modelParams|sensorParams|encoders|timestamp_dayOfWeek:radius_1.45530417084.modelParams|sensorParams|encoders|traffic:n_418.modelParams|sensorParams|encoders|_classifierInput|n_28.modelParams|spParams|synPermInactiveDec_0.0954630665616,  656,  None,  None,  0.0001,  9,  12,  1,  1.45530417084,  418,  28,  0.0954630665616,  8.71793419726,  13.6717141911, 
1041,  3857,  completed,  eof,  2015-03-17 22:12:05,  2015-03-17 22:12:18,  13,  modelParams|sensorParams|encoders|timestamp_timeOfDay:radius_8.55.modelParams|clParams|alpha_0.03007.modelParams|tpParams|minThreshold_10.modelParams|tpParams|activationThreshold_13.modelParams|tpParams|pamLength_2.modelParams|sensorParams|encoders|traffic:n_390.modelParams|sensorParams|encoders|_classifierInput|n_176.modelParams|spParams|synPermInactiveDec_0.07009,  656,  None,  8.55,  0.03007,  10,  13,  2,  None,  390,  176,  0.07009,  6.5124241497,  10.212970143, 
1041,  3858,  completed,  eof,  2015-03-17 22:12:08,  2015-03-17 22:12:22,  14,  modelParams|clParams|alpha_0.00934042766598.modelParams|tpParams|minThreshold_9.modelParams|tpParams|activationThreshold_12.modelParams|tpParams|pamLength_1.modelParams|sensorParams|encoders|timestamp_dayOfWeek:radius_1.48510139028.modelParams|sensorParams|encoders|traffic:n_437.modelParams|sensorParams|encoders|_classifierInput|n_48.modelParams|spParams|synPermInactiveDec_0.0912845863725,  656,  None,  None,  0.00934042766598,  9,  12,  1,  1.48510139028,  437,  48,  0.0912845863725,  8.34064315181,  13.0800355636, 
1041,  3859,  completed,  eof,  2015-03-17 22:12:10,  2015-03-17 22:12:22,  12,  modelParams|sensorParams|encoders|timestamp_timeOfDay:radius_7.45752473701.modelParams|clParams|alpha_0.0356002494518.modelParams|tpParams|minThreshold_9.modelParams|tpParams|activationThreshold_13.modelParams|tpParams|pamLength_2.modelParams|sensorParams|encoders|traffic:n_403.modelParams|sensorParams|encoders|_classifierInput|n_156.modelParams|spParams|synPermInactiveDec_0.0709861331232,  656,  None,  7.45752473701,  0.0356002494518,  9,  13,  2,  None,  403,  156,  0.0709861331232,  6.51267792107,  10.2133681146, 
1041,  3860,  completed,  eof,  2015-03-17 22:12:16,  2015-03-17 22:12:30,  14,  modelParams|clParams|alpha_0.00334661501956.modelParams|tpParams|minThreshold_9.modelParams|tpParams|activationThreshold_12.modelParams|tpParams|pamLength_1.modelParams|sensorParams|encoders|timestamp_dayOfWeek:radius_1.12156020717.modelParams|sensorParams|encoders|traffic:n_425.modelParams|sensorParams|encoders|_classifierInput|n_28.modelParams|spParams|synPermInactiveDec_0.0956484960462,  656,  None,  None,  0.00334661501956,  9,  12,  1,  1.12156020717,  425,  28,  0.0956484960462,  8.70269516896,  13.6478159103, 
1041,  3861,  completed,  killed,  2015-03-17 22:12:18,  2015-03-17 22:12:22,  4,  modelParams|sensorParams|encoders|timestamp_timeOfDay:radius_9.8564053184.modelParams|clParams|alpha_0.0216304488594.modelParams|tpParams|minThreshold_9.modelParams|tpParams|activationThreshold_13.modelParams|tpParams|pamLength_2.modelParams|sensorParams|encoders|traffic:n_386.modelParams|sensorParams|encoders|_classifierInput|n_135.modelParams|spParams|synPermInactiveDec_0.0825668486182,  200,  None,  9.8564053184,  0.0216304488594,  9,  13,  2,  None,  386,  135,  0.0825668486182,  6.89368411149,  10.2565396923, 
1041,  3862,  completed,  eof,  2015-03-17 22:12:22,  2015-03-17 22:12:35,  13,  modelParams|clParams|alpha_0.0001.modelParams|tpParams|minThreshold_9.modelParams|tpParams|activationThreshold_12.modelParams|tpParams|pamLength_1.modelParams|sensorParams|encoders|timestamp_dayOfWeek:radius_1.modelParams|sensorParams|encoders|traffic:n_427.modelParams|sensorParams|encoders|_classifierInput|n_28.modelParams|spParams|synPermInactiveDec_0.09376875,  656,  None,  None,  0.0001,  9,  12,  1,  1,  427,  28,  0.09376875,  8.42644954226,  13.2145996036, 
1041,  3867,  completed,  eof,  2015-03-17 22:12:22,  2015-03-17 22:12:36,  14,  modelParams|clParams|alpha_0.0001.modelParams|tpParams|minThreshold_9.modelParams|tpParams|activationThreshold_12.modelParams|tpParams|pamLength_1.modelParams|sensorParams|encoders|timestamp_dayOfWeek:radius_1.modelParams|sensorParams|encoders|traffic:n_439.modelParams|sensorParams|encoders|_classifierInput|n_28.modelParams|spParams|synPermInactiveDec_0.1,  656,  None,  None,  0.0001,  9,  12,  1,  1,  439,  28,  0.1,  8.80599478714,  13.8098133312, 
1041,  3874,  completed,  eof,  2015-03-17 22:12:22,  2015-03-17 22:12:36,  14,  modelParams|clParams|alpha_0.00127857180142.modelParams|tpParams|minThreshold_9.modelParams|tpParams|activationThreshold_12.modelParams|tpParams|pamLength_1.modelParams|sensorParams|encoders|timestamp_dayOfWeek:radius_1.modelParams|sensorParams|encoders|traffic:n_444.modelParams|sensorParams|encoders|_classifierInput|n_28.modelParams|spParams|synPermInactiveDec_0.0963064881784,  656,  None,  None,  0.00127857180142,  9,  12,  1,  1,  444,  28,  0.0963064881784,  8.6115093106,  13.5048156346, 
1041,  3875,  completed,  eof,  2015-03-17 22:12:30,  2015-03-17 22:12:43,  13,  modelParams|clParams|alpha_0.0001.modelParams|tpParams|minThreshold_9.modelParams|tpParams|activationThreshold_12.modelParams|tpParams|pamLength_1.modelParams|sensorParams|encoders|timestamp_dayOfWeek:radius_1.29387673785.modelParams|sensorParams|encoders|traffic:n_436.modelParams|sensorParams|encoders|_classifierInput|n_28.modelParams|spParams|synPermInactiveDec_0.1,  656,  None,  None,  0.0001,  9,  12,  1,  1.29387673785,  436,  28,  0.1,  8.62427556732,  13.5248360441, 
1041,  3876,  completed,  killed,  2015-03-17 22:12:35,  2015-03-17 22:12:43,  8,  modelParams|clParams|alpha_0.0177189781159.modelParams|tpParams|minThreshold_10.modelParams|tpParams|activationThreshold_13.modelParams|tpParams|pamLength_1.modelParams|sensorParams|encoders|timestamp_dayOfWeek:radius_1.84310503998.modelParams|sensorParams|encoders|traffic:n_436.modelParams|sensorParams|encoders|_classifierInput|n_82.modelParams|spParams|synPermInactiveDec_0.0780616864978,  400,  None,  None,  0.0177189781159,  10,  13,  1,  1.84310503998,  436,  82,  0.0780616864978,  8.99489468721,  13.6692054265, 
1041,  3877,  completed,  killed,  2015-03-17 22:12:36,  2015-03-17 22:12:43,  7,  modelParams|clParams|alpha_0.00727259866258.modelParams|tpParams|minThreshold_9.modelParams|tpParams|activationThreshold_12.modelParams|tpParams|pamLength_1.modelParams|sensorParams|encoders|timestamp_dayOfWeek:radius_1.37823798126.modelParams|sensorParams|encoders|traffic:n_437.modelParams|sensorParams|encoders|_classifierInput|n_44.modelParams|spParams|synPermInactiveDec_0.0909283670759,  350,  None,  None,  0.00727259866258,  9,  12,  1,  1.37823798126,  437,  44,  0.0909283670759,  9.61174646769,  14.4805565114, 
1041,  3878,  completed,  killed,  2015-03-17 22:12:36,  2015-03-17 22:12:43,  7,  modelParams|clParams|alpha_0.00494562671384.modelParams|tpParams|minThreshold_9.modelParams|tpParams|activationThreshold_12.modelParams|tpParams|pamLength_1.modelParams|sensorParams|encoders|timestamp_dayOfWeek:radius_1.30090780462.modelParams|sensorParams|encoders|traffic:n_437.modelParams|sensorParams|encoders|_classifierInput|n_28.modelParams|spParams|synPermInactiveDec_0.0955647203098,  350,  None,  None,  0.00494562671384,  9,  12,  1,  1.30090780462,  437,  28,  0.0955647203098,  9.8013410897,  14.7661898921, 
